stream,metric,method,bwt,memory_mb,p99_ms,near_rt,vs_ref,ci,d_z,p,holm,avg_perf,forgetting
cross-dataset,bwt,agem,"-0.0014 [-0.0021, -0.0008]",3.998,1.02,True,+0.0047,"[+0.0039, +0.0055]",4.36,0.0652,,,
cross-dataset,bwt,bilevel,"-0.0257 [-0.0288, -0.0225]",0.761,0.9,True,-0.0196,"[-0.0229, -0.0163]",-4.41,0.0652,,,
cross-dataset,bwt,ewc,"-0.0179 [-0.0202, -0.0162]",1.522,0.95,True,-0.0119,"[-0.0146, -0.0101]",-3.84,0.0652,,,
cross-dataset,bwt,finetune,"-0.0239 [-0.0264, -0.0222]",0.0,0.9,True,-0.0179,"[-0.0211, -0.0153]",-4.86,0.0652,,,
cross-dataset,bwt,joint,"0.0000 [0.0000, 0.0000]",0.0,1.21,True,+0.0061,"[+0.0052, +0.0069]",5.64,0.0652,,,
cross-dataset,bwt,lwf,"-0.0005 [-0.0032, 0.0023]",0.761,0.89,True,+0.0056,"[+0.0023, +0.0088]",1.32,0.0652,,,
cross-dataset,bwt,nestedric,"-0.0097 [-0.0153, -0.0041]",3.999,2.12,True,-0.0036,"[-0.0094, +0.0022]",-0.46,0.3176,,,
cross-dataset,bwt,replay,"-0.0061 [-0.0069, -0.0052]",3.998,0.9,True,,,,,,,
cross-dataset,bwt,si,"-0.0061 [-0.0078, -0.0044]",3.043,0.9,True,-0.0000,"[-0.0024, +0.0023]",-0.01,1.0,,,
cross-dataset,bwt,titans,"-0.0226 [-0.0253, -0.0208]",4.0,0.9,True,-0.0165,"[-0.0199, -0.0146]",-4.33,0.0652,,,
cyclic,bwt,agem,"0.0000 [-0.0004, 0.0004]",3.998,0.9,True,+0.0065,"[+0.0051, +0.0079]",3.68,0.0652,,,
cyclic,bwt,bilevel,"-0.0113 [-0.0130, -0.0096]",0.761,0.92,True,-0.0048,"[-0.0067, -0.0028]",-1.9,0.0652,,,
cyclic,bwt,ewc,"-0.0064 [-0.0081, -0.0047]",1.522,0.9,True,+0.0001,"[-0.0018, +0.0018]",0.06,0.8753,,,
cyclic,bwt,finetune,"-0.0087 [-0.0108, -0.0065]",0.0,1.18,True,-0.0021,"[-0.0044, +0.0001]",-0.74,0.1862,,,
cyclic,bwt,joint,"0.0000 [0.0000, 0.0000]",0.0,0.9,True,+0.0065,"[+0.0054, +0.0077]",4.48,0.0652,,,
cyclic,bwt,lwf,"-0.0094 [-0.0113, -0.0076]",0.761,0.93,True,-0.0029,"[-0.0050, -0.0010]",-1.14,0.0652,,,
cyclic,bwt,nestedric,"0.0140 [0.0110, 0.0168]",3.999,2.15,True,+0.0205,"[+0.0167, +0.0242]",4.21,0.0652,,,
cyclic,bwt,replay,"-0.0065 [-0.0077, -0.0054]",3.998,0.92,True,,,,,,,
cyclic,bwt,si,"-0.0027 [-0.0034, -0.0020]",3.043,1.0,True,+0.0039,"[+0.0026, +0.0051]",2.42,0.0652,,,
cyclic,bwt,titans,"-0.0086 [-0.0098, -0.0073]",4.0,1.09,True,-0.0020,"[-0.0042, -0.0002]",-0.8,0.1245,,,
radio-shift,bwt,agem,"0.0023 [0.0005, 0.0041]",3.998,0.91,True,+0.0081,"[+0.0058, +0.0103]",2.76,0.0652,,,
radio-shift,bwt,bilevel,"0.0006 [-0.0014, 0.0026]",0.761,0.92,True,+0.0064,"[+0.0038, +0.0089]",1.89,0.0652,,,
radio-shift,bwt,ewc,"0.0017 [-0.0000, 0.0032]",1.522,1.03,True,+0.0075,"[+0.0052, +0.0096]",2.64,0.0652,,,
radio-shift,bwt,finetune,"0.0017 [-0.0005, 0.0034]",0.0,0.92,True,+0.0075,"[+0.0049, +0.0100]",2.29,0.0652,,,
radio-shift,bwt,joint,"0.0000 [0.0000, 0.0000]",0.0,0.93,True,+0.0058,"[+0.0042, +0.0077]",2.58,0.0652,,,
radio-shift,bwt,lwf,"0.0021 [0.0015, 0.0028]",0.761,0.9,True,+0.0079,"[+0.0063, +0.0101]",3.16,0.0652,,,
radio-shift,bwt,nestedric,"0.0535 [0.0473, 0.0590]",3.999,3.97,True,+0.0593,"[+0.0522, +0.0656]",6.87,0.0652,,,
radio-shift,bwt,replay,"-0.0058 [-0.0077, -0.0042]",3.998,0.9,True,,,,,,,
radio-shift,bwt,si,"-0.0008 [-0.0032, 0.0009]",3.043,0.9,True,+0.0050,"[+0.0041, +0.0063]",3.46,0.0652,,,
radio-shift,bwt,titans,"0.0019 [0.0004, 0.0032]",4.0,1.5,True,+0.0077,"[+0.0055, +0.0100]",2.57,0.0652,,,
sched-shift,bwt,agem,"0.0004 [-0.0002, 0.0012]",3.998,0.95,True,+0.0078,"[+0.0058, +0.0095]",3.31,0.0652,,,
sched-shift,bwt,bilevel,"-0.0007 [-0.0015, 0.0003]",0.761,0.91,True,+0.0067,"[+0.0050, +0.0080]",3.51,0.0652,,,
sched-shift,bwt,ewc,"-0.0002 [-0.0008, 0.0004]",1.522,1.17,True,+0.0071,"[+0.0052, +0.0087]",3.14,0.0652,,,
sched-shift,bwt,finetune,"-0.0003 [-0.0008, 0.0002]",0.0,0.93,True,+0.0071,"[+0.0051, +0.0088]",2.98,0.0652,,,
sched-shift,bwt,joint,"0.0000 [0.0000, 0.0000]",0.0,0.89,True,+0.0073,"[+0.0056, +0.0091]",3.33,0.0652,,,
sched-shift,bwt,lwf,"0.0012 [0.0006, 0.0018]",0.761,0.89,True,+0.0085,"[+0.0066, +0.0102]",3.76,0.0652,,,
sched-shift,bwt,nestedric,"0.0433 [0.0381, 0.0486]",3.999,2.19,True,+0.0506,"[+0.0448, +0.0571]",6.48,0.0652,,,
sched-shift,bwt,replay,"-0.0073 [-0.0091, -0.0056]",3.998,0.91,True,,,,,,,
sched-shift,bwt,si,"-0.0008 [-0.0021, 0.0005]",3.043,0.91,True,+0.0066,"[+0.0046, +0.0088]",2.59,0.0652,,,
sched-shift,bwt,titans,"-0.0003 [-0.0009, 0.0002]",4.0,1.0,True,+0.0070,"[+0.0048, +0.0089]",2.7,0.0652,,,
slice-shift,bwt,agem,"0.0008 [0.0003, 0.0013]",3.998,1.0,True,+0.0032,"[+0.0019, +0.0046]",1.72,0.0652,,,
slice-shift,bwt,bilevel,"-0.0094 [-0.0140, -0.0061]",0.761,0.93,True,-0.0070,"[-0.0112, -0.0043]",-1.5,0.0652,,,
slice-shift,bwt,ewc,"-0.0108 [-0.0128, -0.0088]",1.522,0.97,True,-0.0084,"[-0.0097, -0.0072]",-4.79,0.0652,,,
slice-shift,bwt,finetune,"-0.0103 [-0.0117, -0.0084]",0.0,0.91,True,-0.0079,"[-0.0095, -0.0061]",-3.44,0.0652,,,
slice-shift,bwt,joint,"0.0000 [0.0000, 0.0000]",0.0,0.92,True,+0.0024,"[+0.0015, +0.0034]",1.88,0.0652,,,
slice-shift,bwt,lwf,"-0.0025 [-0.0035, -0.0010]",0.761,0.89,True,-0.0001,"[-0.0015, +0.0013]",-0.05,0.9359,,,
slice-shift,bwt,nestedric,"0.0030 [-0.0006, 0.0066]",3.999,2.39,True,+0.0055,"[+0.0012, +0.0097]",0.98,0.1245,,,
slice-shift,bwt,replay,"-0.0024 [-0.0034, -0.0015]",3.998,1.08,True,,,,,,,
slice-shift,bwt,si,"-0.0049 [-0.0068, -0.0029]",3.043,0.96,True,-0.0025,"[-0.0052, +0.0005]",-0.7,0.2581,,,
slice-shift,bwt,titans,"-0.0107 [-0.0119, -0.0093]",4.0,1.06,True,-0.0083,"[-0.0099, -0.0069]",-4.21,0.0652,,,
cross-dataset,avg_perf,agem,,3.998,1.02,True,+0.0063,"[+0.0055, +0.0071]",6.0,0.0652,,"-0.0470 [-0.0477, -0.0465]",
cross-dataset,avg_perf,bilevel,,0.761,0.9,True,-0.0157,"[-0.0191, -0.0126]",-3.82,0.0652,,"-0.0690 [-0.0720, -0.0661]",
cross-dataset,avg_perf,ewc,,1.522,0.95,True,-0.0086,"[-0.0114, -0.0069]",-2.79,0.0652,,"-0.0620 [-0.0641, -0.0604]",
cross-dataset,avg_perf,finetune,,0.0,0.9,True,-0.0139,"[-0.0170, -0.0116]",-4.01,0.0652,,"-0.0672 [-0.0696, -0.0655]",
cross-dataset,avg_perf,joint,,0.0,1.21,True,+0.0075,"[+0.0062, +0.0087]",4.75,0.0652,,"-0.0458 [-0.0469, -0.0451]",
cross-dataset,avg_perf,lwf,,0.761,0.89,True,-0.0071,"[-0.0089, -0.0055]",-3.39,0.0652,,"-0.0605 [-0.0615, -0.0590]",
cross-dataset,avg_perf,nestedric,,3.999,2.12,True,-0.0248,"[-0.0296, -0.0199]",-3.8,0.0652,,"-0.0782 [-0.0827, -0.0735]",
cross-dataset,avg_perf,replay,,3.998,0.9,True,,,,,,"-0.0533 [-0.0539, -0.0526]",
cross-dataset,avg_perf,si,,3.043,0.9,True,+0.0005,"[-0.0017, +0.0025]",0.17,0.8172,,"-0.0529 [-0.0544, -0.0513]",
cross-dataset,avg_perf,titans,,4.0,0.9,True,-0.0127,"[-0.0160, -0.0111]",-3.48,0.0652,,"-0.0661 [-0.0687, -0.0645]",
cyclic,avg_perf,agem,,3.998,0.9,True,+0.0087,"[+0.0077, +0.0098]",6.49,0.0652,,"-0.0493 [-0.0496, -0.0490]",
cyclic,avg_perf,bilevel,,0.761,0.92,True,-0.0020,"[-0.0037, -0.0001]",-0.87,0.1878,,"-0.0600 [-0.0616, -0.0584]",
cyclic,avg_perf,ewc,,1.522,0.9,True,+0.0029,"[+0.0012, +0.0043]",1.48,0.0652,,"-0.0551 [-0.0566, -0.0533]",
cyclic,avg_perf,finetune,,0.0,1.18,True,+0.0008,"[-0.0012, +0.0028]",0.32,0.5651,,"-0.0572 [-0.0594, -0.0550]",
cyclic,avg_perf,joint,,0.0,0.9,True,+0.0058,"[+0.0034, +0.0073]",2.16,0.0652,,"-0.0523 [-0.0539, -0.0512]",
cyclic,avg_perf,lwf,,0.761,0.93,True,-0.0017,"[-0.0039, +0.0002]",-0.67,0.3142,,"-0.0597 [-0.0616, -0.0579]",
cyclic,avg_perf,nestedric,,3.999,2.15,True,-0.0058,"[-0.0076, -0.0044]",-2.73,0.0652,,"-0.0638 [-0.0653, -0.0628]",
cyclic,avg_perf,replay,,3.998,0.92,True,,,,,,"-0.0580 [-0.0590, -0.0570]",
cyclic,avg_perf,si,,3.043,1.0,True,+0.0037,"[+0.0024, +0.0047]",2.55,0.0652,,"-0.0543 [-0.0553, -0.0533]",
cyclic,avg_perf,titans,,4.0,1.09,True,+0.0009,"[-0.0010, +0.0025]",0.39,0.4445,,"-0.0571 [-0.0583, -0.0558]",
radio-shift,avg_perf,agem,,3.998,0.91,True,+0.0095,"[+0.0083, +0.0107]",6.26,0.0652,,"-0.0698 [-0.0710, -0.0686]",
radio-shift,avg_perf,bilevel,,0.761,0.92,True,+0.0072,"[+0.0051, +0.0088]",2.99,0.0652,,"-0.0722 [-0.0743, -0.0704]",
radio-shift,avg_perf,ewc,,1.522,1.03,True,+0.0087,"[+0.0074, +0.0099]",5.41,0.0652,,"-0.0707 [-0.0720, -0.0694]",
radio-shift,avg_perf,finetune,,0.0,0.92,True,+0.0088,"[+0.0076, +0.0101]",5.62,0.0652,,"-0.0705 [-0.0719, -0.0693]",
radio-shift,avg_perf,joint,,0.0,0.93,True,+0.0094,"[+0.0079, +0.0109]",4.76,0.0652,,"-0.0700 [-0.0711, -0.0688]",
radio-shift,avg_perf,lwf,,0.761,0.9,True,+0.0098,"[+0.0094, +0.0101]",21.14,0.0652,,"-0.0696 [-0.0699, -0.0693]",
radio-shift,avg_perf,nestedric,,3.999,3.97,True,-0.0092,"[-0.0111, -0.0073]",-3.84,0.0652,,"-0.0886 [-0.0902, -0.0870]",
radio-shift,avg_perf,replay,,3.998,0.9,True,,,,,,"-0.0794 [-0.0798, -0.0789]",
radio-shift,avg_perf,si,,3.043,0.9,True,+0.0047,"[+0.0030, +0.0062]",2.25,0.0652,,"-0.0746 [-0.0767, -0.0729]",
radio-shift,avg_perf,titans,,4.0,1.5,True,+0.0088,"[+0.0075, +0.0099]",5.56,0.0652,,"-0.0705 [-0.0719, -0.0694]",
sched-shift,avg_perf,agem,,3.998,0.95,True,+0.0066,"[+0.0056, +0.0074]",5.57,0.0652,,"-0.0538 [-0.0544, -0.0533]",
sched-shift,avg_perf,bilevel,,0.761,0.91,True,+0.0055,"[+0.0046, +0.0063]",5.27,0.0652,,"-0.0548 [-0.0554, -0.0543]",
sched-shift,avg_perf,ewc,,1.522,1.17,True,+0.0061,"[+0.0052, +0.0070]",5.01,0.0652,,"-0.0542 [-0.0547, -0.0537]",
sched-shift,avg_perf,finetune,,0.0,0.93,True,+0.0062,"[+0.0051, +0.0072]",4.67,0.0652,,"-0.0542 [-0.0546, -0.0537]",
sched-shift,avg_perf,joint,,0.0,0.89,True,+0.0066,"[+0.0044, +0.0087]",2.54,0.0652,,"-0.0537 [-0.0546, -0.0530]",
sched-shift,avg_perf,lwf,,0.761,0.89,True,+0.0073,"[+0.0062, +0.0085]",5.08,0.0652,,"-0.0531 [-0.0533, -0.0528]",
sched-shift,avg_perf,nestedric,,3.999,2.19,True,-0.0073,"[-0.0103, -0.0044]",-1.89,0.0652,,"-0.0677 [-0.0700, -0.0653]",
sched-shift,avg_perf,replay,,3.998,0.91,True,,,,,,"-0.0603 [-0.0618, -0.0591]",
sched-shift,avg_perf,si,,3.043,0.91,True,+0.0050,"[+0.0040, +0.0060]",3.95,0.0652,,"-0.0553 [-0.0563, -0.0544]",
sched-shift,avg_perf,titans,,4.0,1.0,True,+0.0061,"[+0.0049, +0.0071]",4.44,0.0652,,"-0.0543 [-0.0548, -0.0537]",
slice-shift,avg_perf,agem,,3.998,1.0,True,+0.0068,"[+0.0059, +0.0076]",5.69,0.0652,,"-0.0647 [-0.0649, -0.0644]",
slice-shift,avg_perf,bilevel,,0.761,0.93,True,-0.0029,"[-0.0067, -0.0004]",-0.68,0.1269,,"-0.0743 [-0.0784, -0.0712]",
slice-shift,avg_perf,ewc,,1.522,0.97,True,-0.0039,"[-0.0053, -0.0024]",-2.09,0.0652,,"-0.0753 [-0.0774, -0.0732]",
slice-shift,avg_perf,finetune,,0.0,0.91,True,-0.0033,"[-0.0045, -0.0017]",-1.77,0.0652,,"-0.0748 [-0.0762, -0.0730]",
slice-shift,avg_perf,joint,,0.0,0.92,True,+0.0043,"[+0.0007, +0.0072]",1.04,0.1263,,"-0.0672 [-0.0700, -0.0649]",
slice-shift,avg_perf,lwf,,0.761,0.89,True,+0.0022,"[+0.0011, +0.0036]",1.36,0.0652,,"-0.0693 [-0.0703, -0.0677]",
slice-shift,avg_perf,nestedric,,3.999,2.39,True,-0.0255,"[-0.0310, -0.0200]",-3.63,0.0652,,"-0.0969 [-0.1017, -0.0922]",
slice-shift,avg_perf,replay,,3.998,1.08,True,,,,,,"-0.0714 [-0.0724, -0.0706]",
slice-shift,avg_perf,si,,3.043,0.96,True,-0.0009,"[-0.0034, +0.0013]",-0.32,0.5672,,"-0.0724 [-0.0740, -0.0709]",
slice-shift,avg_perf,titans,,4.0,1.06,True,-0.0036,"[-0.0049, -0.0025]",-2.38,0.0652,,"-0.0751 [-0.0761, -0.0737]",
cross-dataset,forgetting,agem,,3.998,1.02,True,-0.0044,"[-0.0053, -0.0036]",-3.98,0.0652,,,"0.0019 [0.0013, 0.0026]"
cross-dataset,forgetting,bilevel,,0.761,0.9,True,+0.0196,"[+0.0162, +0.0231]",4.35,0.0652,,,"0.0260 [0.0227, 0.0293]"
cross-dataset,forgetting,ewc,,1.522,0.95,True,+0.0119,"[+0.0103, +0.0147]",3.91,0.0652,,,"0.0183 [0.0166, 0.0206]"
cross-dataset,forgetting,finetune,,0.0,0.9,True,+0.0179,"[+0.0153, +0.0210]",4.96,0.0652,,,"0.0242 [0.0223, 0.0268]"
cross-dataset,forgetting,joint,,0.0,1.21,True,-0.0063,"[-0.0070, -0.0057]",-7.59,0.0652,,,"0.0000 [0.0000, 0.0000]"
cross-dataset,forgetting,lwf,,0.761,0.89,True,+0.0049,"[+0.0034, +0.0067]",2.4,0.0652,,,"0.0113 [0.0102, 0.0125]"
cross-dataset,forgetting,nestedric,,3.999,2.12,True,+0.0062,"[+0.0004, +0.0119]",0.8,0.1888,,,"0.0126 [0.0070, 0.0181]"
cross-dataset,forgetting,replay,,3.998,0.9,True,,,,,,,"0.0063 [0.0057, 0.0070]"
cross-dataset,forgetting,si,,3.043,0.9,True,+0.0003,"[-0.0018, +0.0024]",0.11,0.8748,,,"0.0067 [0.0050, 0.0083]"
cross-dataset,forgetting,titans,,4.0,0.9,True,+0.0165,"[+0.0147, +0.0199]",4.41,0.0652,,,"0.0229 [0.0212, 0.0258]"
cyclic,forgetting,agem,,3.998,0.9,True,-0.0066,"[-0.0079, -0.0052]",-3.75,0.0652,,,"0.0011 [0.0008, 0.0013]"
cyclic,forgetting,bilevel,,0.761,0.92,True,+0.0049,"[+0.0029, +0.0067]",1.98,0.0652,,,"0.0125 [0.0107, 0.0142]"
cyclic,forgetting,ewc,,1.522,0.9,True,-0.0000,"[-0.0016, +0.0018]",-0.01,1.0,,,"0.0076 [0.0058, 0.0093]"
cyclic,forgetting,finetune,,0.0,1.18,True,+0.0021,"[+0.0001, +0.0042]",0.79,0.1862,,,"0.0098 [0.0075, 0.0121]"
cyclic,forgetting,joint,,0.0,0.9,True,-0.0077,"[-0.0089, -0.0064]",-4.74,0.0652,,,"0.0000 [0.0000, 0.0000]"
cyclic,forgetting,lwf,,0.761,0.93,True,+0.0049,"[+0.0029, +0.0073]",1.75,0.0652,,,"0.0125 [0.0105, 0.0146]"
cyclic,forgetting,nestedric,,3.999,2.15,True,-0.0040,"[-0.0059, -0.0021]",-1.58,0.0652,,,"0.0037 [0.0027, 0.0050]"
cyclic,forgetting,replay,,3.998,0.92,True,,,,,,,"0.0077 [0.0064, 0.0089]"
cyclic,forgetting,si,,3.043,1.0,True,-0.0036,"[-0.0048, -0.0023]",-2.23,0.0652,,,"0.0041 [0.0033, 0.0049]"
cyclic,forgetting,titans,,4.0,1.09,True,+0.0021,"[+0.0004, +0.0041]",0.87,0.0652,,,"0.0097 [0.0084, 0.0108]"
radio-shift,forgetting,agem,,3.998,0.91,True,-0.0068,"[-0.0087, -0.0050]",-2.88,0.0652,,,"0.0017 [-0.0000, 0.0035]"
radio-shift,forgetting,bilevel,,0.761,0.92,True,-0.0047,"[-0.0068, -0.0026]",-1.76,0.0652,,,"0.0039 [0.0018, 0.0061]"
radio-shift,forgetting,ewc,,1.522,1.03,True,-0.0058,"[-0.0076, -0.0040]",-2.53,0.0652,,,"0.0027 [0.0010, 0.0045]"
radio-shift,forgetting,finetune,,0.0,0.92,True,-0.0061,"[-0.0079, -0.0038]",-2.31,0.0652,,,"0.0025 [0.0007, 0.0045]"
radio-shift,forgetting,joint,,0.0,0.93,True,-0.0086,"[-0.0097, -0.0076]",-6.23,0.0652,,,"0.0000 [0.0000, 0.0000]"
radio-shift,forgetting,lwf,,0.761,0.9,True,-0.0077,"[-0.0086, -0.0070]",-7.39,0.0652,,,"0.0009 [0.0004, 0.0013]"
radio-shift,forgetting,nestedric,,3.999,3.97,True,-0.0087,"[-0.0096, -0.0082]",-9.3,0.0652,,,"-0.0002 [-0.0008, 0.0004]"
radio-shift,forgetting,replay,,3.998,0.9,True,,,,,,,"0.0086 [0.0076, 0.0097]"
radio-shift,forgetting,si,,3.043,0.9,True,-0.0051,"[-0.0067, -0.0039]",-2.91,0.0652,,,"0.0034 [0.0016, 0.0057]"
radio-shift,forgetting,titans,,4.0,1.5,True,-0.0061,"[-0.0079, -0.0043]",-2.73,0.0652,,,"0.0025 [0.0009, 0.0041]"
sched-shift,forgetting,agem,,3.998,0.95,True,-0.0074,"[-0.0096, -0.0053]",-2.68,0.0652,,,"0.0001 [-0.0004, 0.0005]"
sched-shift,forgetting,bilevel,,0.761,0.91,True,-0.0068,"[-0.0084, -0.0048]",-3.05,0.0652,,,"0.0007 [-0.0002, 0.0015]"
sched-shift,forgetting,ewc,,1.522,1.17,True,-0.0072,"[-0.0090, -0.0051]",-2.91,0.0652,,,"0.0003 [-0.0002, 0.0008]"
sched-shift,forgetting,finetune,,0.0,0.93,True,-0.0071,"[-0.0090, -0.0050]",-2.75,0.0652,,,"0.0004 [0.0000, 0.0008]"
sched-shift,forgetting,joint,,0.0,0.89,True,-0.0075,"[-0.0094, -0.0056]",-3.12,0.0652,,,"0.0000 [0.0000, 0.0000]"
sched-shift,forgetting,lwf,,0.761,0.89,True,-0.0076,"[-0.0094, -0.0056]",-3.16,0.0652,,,"-0.0001 [-0.0003, 0.0003]"
sched-shift,forgetting,nestedric,,3.999,2.19,True,-0.0247,"[-0.0296, -0.0209]",-4.43,0.0652,,,"-0.0172 [-0.0209, -0.0141]"
sched-shift,forgetting,replay,,3.998,0.91,True,,,,,,,"0.0075 [0.0056, 0.0094]"
sched-shift,forgetting,si,,3.043,0.91,True,-0.0063,"[-0.0083, -0.0044]",-2.58,0.0652,,,"0.0012 [0.0004, 0.0022]"
sched-shift,forgetting,titans,,4.0,1.0,True,-0.0069,"[-0.0090, -0.0047]",-2.5,0.0652,,,"0.0006 [0.0001, 0.0010]"
slice-shift,forgetting,agem,,3.998,1.0,True,-0.0028,"[-0.0039, -0.0017]",-1.85,0.0652,,,"0.0003 [-0.0001, 0.0007]"
slice-shift,forgetting,bilevel,,0.761,0.93,True,+0.0071,"[+0.0045, +0.0114]",1.52,0.0652,,,"0.0103 [0.0069, 0.0149]"
slice-shift,forgetting,ewc,,1.522,0.97,True,+0.0086,"[+0.0070, +0.0102]",4.28,0.0652,,,"0.0118 [0.0096, 0.0139]"
slice-shift,forgetting,finetune,,0.0,0.91,True,+0.0081,"[+0.0062, +0.0097]",3.56,0.0652,,,"0.0113 [0.0093, 0.0127]"
slice-shift,forgetting,joint,,0.0,0.92,True,-0.0031,"[-0.0040, -0.0022]",-2.62,0.0652,,,"0.0000 [0.0000, 0.0000]"
slice-shift,forgetting,lwf,,0.761,0.89,True,+0.0007,"[-0.0008, +0.0021]",0.37,0.508,,,"0.0038 [0.0022, 0.0047]"
slice-shift,forgetting,nestedric,,3.999,2.39,True,+0.0095,"[+0.0056, +0.0130]",1.97,0.0652,,,"0.0126 [0.0094, 0.0160]"
slice-shift,forgetting,replay,,3.998,1.08,True,,,,,,,"0.0031 [0.0022, 0.0040]"
slice-shift,forgetting,si,,3.043,0.96,True,+0.0024,"[-0.0004, +0.0050]",0.71,0.2581,,,"0.0055 [0.0037, 0.0073]"
slice-shift,forgetting,titans,,4.0,1.06,True,+0.0085,"[+0.0071, +0.0102]",4.43,0.0652,,,"0.0116 [0.0102, 0.0128]"
